{
    "vertices": [-9.99868,-0,-2.5561,-9.99868,0,2.6441,-15.9987,-0,-2.5561,-15.9987,0,2.6441,-25.9987,-0,-2.5561,-25.9987,0,2.6441,-15.9987,-0,-8.5561,-25.9987,-0,-8.5561,-15.9987,0,8.6441,-25.9987,0,8.6441],
    "faces": [41,1,0,2,3,0,1,2,3,0,1,1,1,41,3,2,4,5,3,2,4,5,1,1,1,1,41,4,2,6,7,4,2,6,7,1,1,1,1,41,3,5,9,8,3,5,8,9,1,1,1,1],
    "metadata": {
        "vertices": 10,
        "faces": 4,
        "type": "Geometry",
        "generator": "io_three",
        "version": 3,
        "uvs": 1,
        "normals": 2
    },
    "name": "Circle.005Geometry",
    "uvs": [[0.071958,0.651752,0.071958,0.350827,0.420527,0.350827,0.420527,0.651752,1.00147,0.350827,1.00147,0.651752,0.420527,0.003618,1.00147,0.003619,1.00147,0.99896,0.420527,0.99896]],
    "normals": [0,0.999969,0,0,1,0]
}