{
    "metadata": {
        "generator": "io_three",
        "type": "Geometry",
        "version": 3,
        "uvs": 1,
        "faces": 7,
        "normals": 1,
        "vertices": 16
    },
    "name": "Circle.000Geometry",
    "uvs": [[0.548603,0.000745,0.548603,0.237679,0.000777,0.237679,0.000777,0.000745,0.913821,0.000745,0.913821,0.237679,0.639908,0.237679,0.639908,0.000745,0.548603,0.246792,0.639908,0.246792,0.639908,0.451826,0.548603,0.451826,0.776865,0.246792,0.776865,0.451826,0.457299,0.451826,0.457299,0.246792]],
    "faces": [41,7,6,2,3,0,1,2,3,0,0,0,0,41,1,0,4,5,4,5,6,7,0,0,0,0,41,5,4,6,7,7,6,1,0,0,0,0,0,41,9,8,10,11,8,9,10,11,0,0,0,0,41,6,4,8,9,1,6,9,8,0,0,0,0,41,10,8,12,13,10,9,12,13,0,0,0,0,41,9,11,15,14,8,11,14,15,0,0,0,0],
    "normals": [0,1,0],
    "vertices": [-2.60007,0,9.99868,2.60007,0,9.99868,-2.60007,1e-06,29.9987,2.60007,1e-06,29.9987,-2.60007,1e-06,15.9987,2.60007,1e-06,15.9987,-2.60007,1e-06,17.9987,2.60007,1e-06,17.9987,-2.80007,1e-06,15.9987,-2.80007,1e-06,17.9987,-7.30007,1e-06,15.9987,-7.30007,1e-06,17.9987,-2.80007,1e-06,12.9987,-7.30007,1e-06,12.9987,-2.80007,1e-06,19.9987,-7.30007,1e-06,19.9987]
}