{
    "vertices": [10.0498,3.599,2.64408,10.0483,3.599,-2.55608,50.0498,3.599,2.64408,50.0483,3.599,-2.55608,19.0187,3.599,2.64408,21.0187,3.599,2.64408,21.0185,3.599,-2.55608,19.0185,3.599,-2.55608,36.8864,3.599,2.64408,38.8936,3.599,2.64408,38.8932,3.599,-2.55608,36.8861,3.599,-2.55608,19.0187,3.599,2.94408,21.0187,3.599,2.94408,19.0187,3.599,12.8441,21.0187,3.599,12.8441,37.0187,3.599,2.94408,37.0187,3.599,12.8441,14.0187,3.599,2.94408,14.0187,3.599,12.8441,38.8932,3.599,-2.85608,36.8861,3.599,-2.85608,38.8932,3.599,-7.85608,36.8861,3.599,-7.85608,31.8861,3.599,-2.85608,31.8861,3.599,-7.85608,43.8932,3.599,-2.85608,43.8932,3.599,-7.85608,58.0498,3.599,2.64408,58.0483,3.599,-2.55608,50.0498,3.599,6.64408,58.0498,3.599,6.64408,50.0483,3.599,-6.55608,58.0483,3.599,-6.55608],
    "faces": [41,10,3,2,9,0,1,2,3,0,0,0,0,41,4,0,1,7,6,7,4,5,0,1,0,0,41,7,6,5,4,5,8,9,6,0,0,0,0,41,6,11,8,5,8,10,11,9,0,0,0,0,41,11,10,9,8,10,0,3,11,0,0,0,0,41,5,13,12,4,9,12,13,6,0,0,0,0,41,13,15,14,12,12,14,15,13,0,0,0,0,41,15,13,16,17,14,12,16,17,0,0,0,0,41,12,14,19,18,13,15,18,19,0,0,0,0,41,10,11,21,20,0,10,20,21,0,0,0,0,41,20,21,23,22,21,20,22,23,0,0,0,0,41,23,21,24,25,22,20,24,25,0,0,0,0,41,20,22,27,26,21,23,26,27,0,0,0,0,41,2,3,29,28,2,1,28,29,0,0,0,0,41,29,3,32,33,28,1,30,31,0,0,0,0,41,2,28,31,30,2,29,32,33,0,0,0,0],
    "metadata": {
        "vertices": 34,
        "faces": 16,
        "type": "Geometry",
        "generator": "io_three",
        "version": 3,
        "uvs": 1,
        "normals": 2
    },
    "name": "Circle.010Geometry",
    "uvs": [[0.600907,0.110514,0.833267,0.110594,0.83326,0.218913,0.600879,0.218833,7.2e-05,0.110307,0.186919,0.110371,0.186886,0.21869,6.6e-05,0.218625,0.228578,0.110386,0.228546,0.218704,0.559099,0.1105,0.559068,0.218818,0.228543,0.224953,0.186884,0.224939,0.228472,0.431169,0.186812,0.431155,0.561822,0.225068,0.56175,0.431284,0.082663,0.431119,0.082734,0.224903,0.559101,0.104251,0.600909,0.104265,0.559137,0.000102,0.600945,0.000116,0.454952,0.104215,0.454988,6.6e-05,0.705094,0.000152,0.705058,0.104301,0.999906,0.110652,0.999899,0.21897,0.833295,0.027275,0.999934,0.027332,0.99987,0.30229,0.833231,0.302232]],
    "normals": [0,-1,0,0,-0.999969,0]
}