{
    "name": "Circle.005Geometry.1",
    "normals": [0,0.7116,-0.702567,0,0.711509,0.702658,-0.302713,0.902402,0.306528,-0.302744,0.902371,-0.30665,0,-0.702689,-0.711478,-0.30015,-0.906644,-0.296396,0,-0.702628,0.711509,-0.30018,-0.906613,0.296487,-0.583605,0.572069,-0.576281,-0.571032,-0.582537,-0.578387,0.713981,-0.700125,3.1e-05,0.700095,0.714011,3.1e-05,0.571154,0.582446,0.578356,0.583483,-0.572161,0.576312,0.714103,-0.700003,3.1e-05,0.700034,0.714072,3.1e-05,-0.583483,0.572161,0.576312,-0.571154,-0.582446,0.578356,0.571032,0.582537,-0.578387,0.583605,-0.572069,-0.576281],
    "vertices": [-9.99868,-0,-2.5561,-9.99868,0,2.6441,-10.0691,3.599,-2.5561,-10.0706,3.599,2.6441,-15.9987,-0,-2.5561,-15.9987,0,2.6441,-16.0691,3.599,-2.5561,-16.0706,3.599,2.6441,-25.9987,-0,-2.5561,-25.9987,0,2.6441,-26.0691,3.599,-2.5561,-26.0706,3.599,2.6441,-15.9987,-0,-8.5561,-16.0691,3.599,-8.5561,-25.9987,-0,-8.5561,-26.0691,3.599,-8.5561,-16.0706,3.599,8.6441,-15.9987,0,8.6441,-26.0706,3.599,8.6441,-25.9987,0,8.6441],
    "faces": [33,1,0,4,5,0,1,2,3,33,3,1,5,7,4,0,3,5,33,0,2,6,4,1,6,7,2,33,3,7,6,2,4,5,7,6,33,7,5,17,16,5,3,8,9,33,10,8,14,15,10,11,12,13,33,7,11,10,6,5,14,10,7,33,5,4,8,9,3,2,11,15,33,12,13,15,14,16,17,13,12,33,8,4,12,14,11,2,16,12,33,4,6,13,12,2,7,17,16,33,6,10,15,13,7,10,13,17,33,16,17,19,18,9,8,18,19,33,5,9,19,17,3,15,18,8,33,11,7,16,18,14,5,9,19,33,9,11,18,19,15,14,19,18,33,10,11,9,8,10,14,15,11],
    "metadata": {
        "normals": 20,
        "vertices": 20,
        "faces": 17,
        "generator": "io_three",
        "uvs": 0,
        "version": 3,
        "type": "Geometry"
    },
    "uvs": []
}