{
    "vertices": [-2.59983,3.599,-10.0789,2.59983,3.599,-10.0789,-2.59983,3.599,-40.0789,2.59983,3.599,-40.0789,-2.59983,3.599,-48.0789,2.59983,3.599,-48.0789,-7.59983,3.599,-40.0789,-7.59983,3.599,-48.0789,7.59983,3.599,-40.0789,7.59983,3.599,-48.0789,-2.59983,3.599,-50.0789,2.59983,3.599,-50.0789],
    "faces": [41,0,2,3,1,0,1,2,3,0,0,0,0,41,5,4,10,11,4,5,6,7,0,0,0,0,41,3,2,4,5,2,1,5,4,0,0,0,0,41,4,2,6,7,5,1,8,9,0,0,0,0,41,3,5,9,8,2,4,10,11,0,0,0,0],
    "metadata": {
        "vertices": 12,
        "faces": 5,
        "type": "Geometry",
        "generator": "io_three",
        "version": 3,
        "uvs": 1,
        "normals": 1
    },
    "name": "Circle.016Geometry",
    "uvs": [[6.2e-05,0.125046,0.749969,0.125046,0.749969,0.255022,6.2e-05,0.255022,0.949944,0.255022,0.949944,0.125046,0.999938,0.125046,0.999938,0.255022,0.749969,6.2e-05,0.949944,6.2e-05,0.949944,0.380006,0.749969,0.380006]],
    "normals": [0,-1,0]
}