{
    "metadata": {
        "generator": "io_three",
        "type": "Geometry",
        "version": 3,
        "uvs": 1,
        "faces": 22,
        "normals": 22,
        "vertices": 32
    },
    "name": "Circle.006Geometry.3",
    "uvs": [[0.641094,0.573523,0.641094,0.57718,0.641094,0.029353,0.641094,0.025696,0.403696,0.57718,0.403696,0.573523,0.403696,0.025696,0.403696,0.029353,1,0.597606,1,0,0.47474,0,0.47474,0.597606,1,0.99601,1,0.697207,0.47474,0.697207,0.47474,0.99601,0.403696,0.942398,0.403696,0.938741,0.403696,0.664827,0.403696,0.668485,0.641094,0.938741,0.641094,0.942398,0.641094,0.668485,0.641094,0.664827,0.394565,0.57718,0.394565,0.573523,0.454539,0.597606,0.454539,0.697207,0.394565,0.664827,0.394565,0.668485,0.18913,0.668485,0.18913,0.664827,0.18913,0.573523,0.18913,0.57718,0,0.597606,0,0.697207,0.394565,0.805441,0.394565,0.801784,0.18913,0.801784,0.18913,0.805441,0,0.846609,0.454539,0.846609,0.394565,0.482218,0.394565,0.485876,0.18913,0.485876,0.18913,0.482218,0.454539,0.498005,0,0.498005]],
    "faces": [41,15,14,5,7,0,1,2,3,0,1,2,3,41,12,13,6,4,4,5,6,7,4,5,6,7,41,15,7,6,13,8,9,10,11,0,3,6,5,41,3,10,11,2,12,13,14,15,8,0,9,10,41,0,2,11,8,16,17,18,19,11,10,9,12,41,3,1,9,10,20,21,22,23,8,1,1,0,41,10,15,13,11,13,8,11,14,0,0,5,9,41,13,12,18,19,5,4,24,25,5,4,13,14,41,10,9,14,15,23,22,1,0,0,1,1,0,41,11,13,19,16,14,11,26,27,9,5,14,15,41,8,11,16,17,19,18,28,29,12,9,15,16,41,21,20,23,22,30,31,32,33,11,17,17,11,41,16,19,23,20,27,26,34,35,15,14,17,17,41,25,24,26,27,36,37,38,39,18,19,20,21,41,20,21,27,26,31,30,39,38,17,11,21,20,41,16,20,26,24,27,35,40,41,15,17,20,19,41,17,16,24,25,29,28,37,36,16,15,19,18,41,28,29,31,30,42,43,44,45,3,2,7,6,41,22,23,30,31,33,32,45,44,11,17,6,7,41,19,18,29,28,25,24,43,42,14,13,2,3,41,23,19,28,30,34,26,46,47,17,14,3,6,41,6,7,5,4,6,3,2,7,6,3,2,7],
    "normals": [-0.707083,-0.707083,0,-1,0,0,-0.712058,0.015595,-0.701926,-0.576159,-0.571459,-0.584307,0.702017,0.015839,-0.711936,0.30723,-0.902127,-0.302866,0.576159,-0.571459,-0.584307,0.712058,0.015595,-0.701926,-0.712058,-0.702109,0,0.295816,-0.906888,0.299997,0.712058,-0.702109,0,1,0,0,0.712058,-0.015595,0.701926,-0.702017,0.015839,-0.711936,-0.30723,-0.902127,-0.302866,-0.295816,-0.906888,0.299997,-0.712058,-0.015595,0.701926,0.707083,-0.707083,0,-0.702017,-0.015839,0.711936,-0.578509,-0.583117,0.570299,0.578509,-0.583117,0.570299,0.702017,-0.015839,0.711936],
    "vertices": [-2.60007,0,9.99868,2.60007,0,9.99868,-2.60007,3.599,10.0788,2.60007,3.599,10.0788,-2.60007,1e-06,29.9987,2.60007,1e-06,29.9987,-2.60007,3.599,30.0788,2.60007,3.599,30.0788,-2.60007,1e-06,15.9987,2.60007,1e-06,15.9987,2.60007,3.599,16.0788,-2.60007,3.599,16.0788,-2.60007,1e-06,17.9987,-2.60007,3.599,18.0788,2.60007,1e-06,17.9987,2.60007,3.599,18.0788,-2.80007,3.599,16.0788,-2.80007,1e-06,15.9987,-2.80007,1e-06,17.9987,-2.80007,3.599,18.0788,-7.30007,3.599,16.0788,-7.30007,1e-06,15.9987,-7.30007,1e-06,17.9987,-7.30007,3.599,18.0788,-2.80007,3.599,13.0788,-2.80007,1e-06,12.9987,-7.30007,3.599,13.0788,-7.30007,1e-06,12.9987,-2.80007,3.599,20.0788,-2.80007,1e-06,19.9987,-7.30007,3.599,20.0788,-7.30007,1e-06,19.9987]
}