{
    "vertices": [9.97656,0,2.64408,9.97656,-0,-2.55608,10.0498,3.599,2.64408,10.0483,3.599,-2.55608,49.9766,0,2.64408,49.9766,-0,-2.55608,50.0498,3.599,2.64408,50.0483,3.599,-2.55608,19.0187,3.599,2.64408,21.0187,3.599,2.64408,21.0077,0,2.64408,19.0077,0,2.64408,21.0185,3.599,-2.55608,19.0185,3.599,-2.55608,21.0077,-0,-2.55608,19.0077,-0,-2.55608,36.8864,3.599,2.64408,38.8936,3.599,2.64408,38.8712,0,2.64408,36.8708,0,2.64408,38.8932,3.599,-2.55608,36.8861,3.599,-2.55608,38.8712,-0,-2.55608,36.8708,-0,-2.55608,19.0187,3.599,2.94408,21.0187,3.599,2.94408,21.0077,0,2.94408,19.0077,0,2.94408,19.0187,3.599,12.8441,21.0187,3.599,12.8441,21.0077,1e-06,12.8441,19.0077,1e-06,12.8441,37.0187,3.599,2.94408,37.0077,0,2.94408,37.0187,3.599,12.8441,37.0077,1e-06,12.8441,14.0187,3.599,2.94408,14.0077,0,2.94408,14.0187,3.599,12.8441,14.0077,1e-06,12.8441,38.8932,3.599,-2.85608,36.8861,3.599,-2.85608,38.8712,-0,-2.85608,36.8708,-0,-2.85608,38.8932,3.599,-7.85608,36.8861,3.599,-7.85608,38.8712,-0,-7.85608,36.8708,-0,-7.85608,31.8708,-0,-2.85608,31.8861,3.599,-2.85608,31.8708,-0,-7.85608,31.8861,3.599,-7.85608,43.8712,-0,-2.85608,43.8932,3.599,-2.85608,43.8712,-0,-7.85608,43.8932,3.599,-7.85608,57.9766,0,2.64408,57.9766,-0,-2.55608,58.0498,3.599,2.64408,58.0483,3.599,-2.55608,49.9766,0,6.64408,50.0498,3.599,6.64408,57.9766,0,6.64408,58.0498,3.599,6.64408,50.0483,3.599,-6.55608,49.9766,-0,-6.55608,58.0483,3.599,-6.55608,57.9766,-0,-6.55608],
    "faces": [41,18,17,6,4,0,1,2,3,0,0,1,2,41,20,22,5,7,4,5,6,7,3,4,5,6,41,3,1,15,13,8,9,10,11,7,8,7,7,41,13,15,14,12,11,10,12,13,7,7,7,7,41,0,2,8,11,14,15,16,17,0,0,9,10,41,12,14,23,21,13,12,18,19,7,7,11,12,41,22,20,40,42,5,4,20,21,4,3,13,14,41,10,9,16,19,22,23,24,25,15,16,0,0,41,19,16,17,18,25,24,1,0,0,0,0,0,41,11,8,24,27,17,16,26,27,10,9,17,18,41,9,10,26,25,23,22,22,23,16,15,19,20,41,27,24,36,37,28,29,30,31,18,17,18,17,41,32,33,35,34,32,33,34,35,19,20,16,15,41,30,29,34,35,36,37,35,34,0,0,15,16,41,25,26,33,32,38,39,33,32,20,19,20,19,41,28,29,30,31,40,37,36,41,0,0,0,0,41,37,36,38,39,31,30,42,43,17,18,10,9,41,28,31,39,38,40,41,43,42,0,0,9,10,41,21,23,43,41,19,18,44,45,12,11,21,22,41,42,40,53,52,46,47,48,49,14,13,14,13,41,49,48,50,51,50,51,52,53,21,22,12,11,41,47,45,51,50,54,55,53,52,7,7,11,12,41,41,43,48,49,56,57,51,50,22,21,22,21,41,52,53,55,54,49,48,58,59,13,14,4,3,41,44,46,54,55,60,61,59,58,7,7,3,4,41,45,47,46,44,55,54,61,60,7,7,7,7,41,4,6,61,60,3,2,62,63,2,1,2,1,41,58,59,57,56,64,65,66,67,23,24,24,23,41,60,61,63,62,63,62,68,69,1,2,25,26,41,58,56,62,63,64,67,69,68,23,23,26,25,41,64,65,67,66,70,71,72,73,5,6,27,28,41,7,5,65,64,7,6,71,70,6,5,6,5,41,57,59,66,67,66,65,73,72,24,24,28,27],
    "metadata": {
        "vertices": 68,
        "faces": 33,
        "type": "Geometry",
        "generator": "io_three",
        "version": 3,
        "uvs": 1,
        "normals": 29
    },
    "name": "Circle.011Geometry",
    "uvs": [[0.233528,0.049729,0.233098,0.00367,0.376131,0.00367,0.37591,0.049729,0.996077,0.00367,0.995218,0.049729,0.852863,0.049729,0.853084,0.00367,0.002289,0.19392,0.002289,0.147862,0.115879,0.147862,0.116017,0.19392,0.141524,0.147862,0.141662,0.19392,0.002289,0.240485,0.002289,0.194424,0.115878,0.194073,0.115878,0.240132,0.344929,0.147862,0.345125,0.19392,0.999923,0.00367,0.999064,0.049729,0.002289,0.049729,0.002289,0.00367,0.207363,0.00367,0.207881,0.049729,0.119725,0.194073,0.119725,0.240132,0.002289,0.100228,0.002289,0.053917,0.064189,0.053917,0.064189,0.100424,0.612992,0.053917,0.612992,0.099526,0.486049,0.099526,0.486049,0.053917,0.28089,0.100151,0.28089,0.053917,0.818151,0.053917,0.818151,0.100151,0.255245,0.053917,0.255245,0.100229,0.191132,0.053917,0.191132,0.100424,0.348775,0.147845,0.348972,0.193903,0.410483,0.101105,0.410484,0.147299,0.346373,0.147691,0.346372,0.101105,0.064189,0.146636,0.064274,0.101105,0.128387,0.101105,0.128302,0.146754,0.192498,0.101105,0.192413,0.147145,0.002289,0.14679,0.002289,0.101105,0.28226,0.147692,0.282259,0.101105,0.218149,0.147301,0.218148,0.101105,0.42742,0.00367,0.427199,0.049729,0.581278,0.00367,0.647956,0.00367,0.647735,0.049729,0.581057,0.049729,0.529988,0.00367,0.529767,0.049729,0.801794,0.00367,0.801573,0.049729,0.699024,0.049729,0.699246,0.00367]],
    "normals": [0,0,-1,0.711539,-0.014466,-0.702475,0.702384,-0.014283,-0.711631,-0.70571,0.004303,0.708457,-0.708457,0.004334,0.70571,0.702475,-0.014008,0.711539,0.711447,-0.014161,0.702567,0,0,1,0,0,0.999969,0.707785,-0.002136,-0.706412,0.706412,-0.002136,-0.707785,0.706137,-0.002991,0.70806,0.708029,-0.002991,0.706137,-0.70571,0.004303,-0.708457,-0.708457,0.004334,-0.70571,-0.707785,0.002136,-0.706412,-0.706412,0.002136,-0.707785,0.707785,-0.002136,0.706412,0.706412,-0.002136,0.707785,-0.707785,0.002136,0.706412,-0.706412,0.002136,0.707785,0.706137,-0.002991,-0.70806,0.708029,-0.002991,-0.706137,-0.999786,0.020234,6.1e-05,-0.999786,0.02002,6.1e-05,-0.711539,0.014466,-0.702475,-0.702384,0.014283,-0.711631,-0.702475,0.014008,0.711539,-0.711447,0.014161,0.702567]
}