{
    "vertices": [-2.59983,10.599,-50.0789,2.59983,10.599,-50.0789,-2.59983,10.599,-80.0789,2.59983,10.599,-80.0789,-22.5998,5.599,-80.0789,-22.5998,5.599,-50.0789,22.5998,5.599,-50.0789,22.5998,5.599,-80.0789],
    "faces": [41,1,0,2,3,0,1,2,3,0,1,1,0,41,2,0,5,4,2,1,4,5,1,1,2,2,41,1,3,7,6,0,3,6,7,0,0,3,3],
    "metadata": {
        "vertices": 8,
        "faces": 3,
        "type": "Geometry",
        "generator": "io_three",
        "version": 3,
        "uvs": 1,
        "normals": 4
    },
    "name": "Circle.018Geometry",
    "uvs": [[0.26211,0.304593,0.209324,0.304593,0.209324,3.8e-05,0.26211,3.8e-05,3.8e-05,0.304593,3.8e-05,3.8e-05,0.471395,3.8e-05,0.471395,0.304593]],
    "normals": [-0.122166,-0.992492,0,0.122166,-0.992492,0,0.242531,-0.970122,0,-0.242531,-0.970122,0]
}