{
    "vertices": [-2.59983,-0,-9.99868,2.59983,-0,-9.99868,-2.59983,3.599,-10.0789,2.59983,3.599,-10.0789,-2.59983,-2e-06,-39.9987,2.59983,-2e-06,-39.9987,-2.59983,3.599,-40.0789,2.59983,3.599,-40.0789,-2.59983,3.599,-48.0789,2.59983,3.599,-48.0789,2.59983,-2e-06,-47.9987,-2.59983,-2e-06,-47.9987,-7.59983,3.599,-40.0789,-7.59983,-2e-06,-39.9987,-7.59983,3.599,-48.0789,-7.59983,-2e-06,-47.9987,7.59983,-2e-06,-39.9987,7.59983,3.599,-40.0789,7.59983,-2e-06,-47.9987,7.59983,3.599,-48.0789,-2.59983,3.599,-50.0789,2.59983,3.599,-50.0789,2.59983,-2e-06,-49.9987,-2.59983,-2e-06,-49.9987],
    "faces": [41,1,3,7,5,0,1,2,3,0,0,1,2,41,2,0,4,6,4,5,6,7,3,4,5,6,41,6,4,13,12,7,6,8,9,6,5,6,5,41,12,13,15,14,9,8,10,11,5,6,7,8,41,11,8,14,15,12,13,11,10,8,7,8,7,41,16,17,19,18,14,15,16,17,1,2,9,10,41,9,10,18,19,18,19,17,16,10,9,10,9,41,5,7,17,16,3,2,15,14,2,1,2,1,41,10,9,21,22,19,18,20,21,9,10,0,0,41,8,11,23,20,13,12,22,23,7,8,3,3],
    "metadata": {
        "vertices": 24,
        "faces": 10,
        "type": "Geometry",
        "generator": "io_three",
        "version": 3,
        "uvs": 1,
        "normals": 11
    },
    "name": "Circle.015Geometry",
    "uvs": [[6e-05,0.080825,6e-05,0.008962,0.599956,0.008962,0.599956,0.080825,6.4e-05,0.170583,6e-05,0.09872,0.599957,0.09872,0.599961,0.170583,0.699964,0.09872,0.699968,0.170583,0.859936,0.09872,0.85994,0.170583,0.959943,0.09872,0.959947,0.170583,0.699963,0.080825,0.699963,0.008962,0.859935,0.008962,0.859935,0.080825,0.959942,0.008962,0.959942,0.080825,0.999935,0.008962,0.999935,0.080825,0.999936,0.09872,0.99994,0.170583]],
    "normals": [-1,0,0,-0.702017,-0.01587,-0.711966,-0.712058,-0.015656,-0.701926,1,0,0,0.999969,0,0,0.712058,-0.015656,-0.701926,0.702017,-0.01587,-0.711966,0.712058,0.015625,0.701926,0.702017,0.01587,0.711966,-0.702017,0.01587,0.711966,-0.712058,0.015625,0.701926]
}