{
    "vertices": [-9.99868,-0,-2.5561,-9.99868,0,2.6441,-10.0691,3.599,-2.5561,-10.0706,3.599,2.6441,-15.9987,-0,-2.5561,-15.9987,0,2.6441,-16.0691,3.599,-2.5561,-16.0706,3.599,2.6441,-25.9987,-0,-2.5561,-25.9987,0,2.6441,-26.0691,3.599,-2.5561,-26.0706,3.599,2.6441,-15.9987,-0,-8.5561,-16.0691,3.599,-8.5561,-25.9987,-0,-8.5561,-26.0691,3.599,-8.5561,-16.0706,3.599,8.6441,-15.9987,0,8.6441,-26.0706,3.599,8.6441,-25.9987,0,8.6441],
    "faces": [41,3,1,5,7,0,1,2,3,0,0,1,2,41,0,2,6,4,4,5,6,7,3,4,5,6,41,7,5,17,16,3,2,8,9,2,1,2,1,41,10,8,14,15,10,11,12,13,7,7,8,9,41,12,13,15,14,14,15,13,12,5,6,9,8,41,4,6,13,12,7,6,15,14,6,5,6,5,41,16,17,19,18,9,8,16,17,1,2,10,11,41,9,11,18,19,18,19,17,16,12,12,11,10,41,10,11,9,8,10,19,18,11,7,12,12,7],
    "metadata": {
        "vertices": 20,
        "faces": 9,
        "type": "Geometry",
        "generator": "io_three",
        "version": 3,
        "uvs": 1,
        "normals": 13
    },
    "name": "Circle.008Geometry",
    "uvs": [[2.5e-05,0.061412,3.9e-05,0.002706,0.098062,0.002706,0.098048,0.061412,0.999975,0.002706,0.999961,0.061412,0.901936,0.061412,0.90195,0.002706,0.196104,0.002706,0.19609,0.061412,0.542477,0.061412,0.542491,0.002706,0.640534,0.002706,0.64052,0.061412,0.803908,0.002706,0.803894,0.061412,0.359475,0.002706,0.359461,0.061412,0.457518,0.002706,0.457504,0.061412]],
    "normals": [0,0,-1,-0.702475,-0.014008,-0.711539,-0.711447,-0.014191,-0.702567,0,0,1,0,0,0.999969,-0.711386,-0.013916,0.702658,-0.702567,-0.013733,0.711447,0.999786,0.019654,6.1e-05,0.702567,0.013733,0.711447,0.711386,0.013916,0.702658,0.702475,0.014008,-0.711539,0.711447,0.014191,-0.702567,0.999786,0.019837,6.1e-05]
}