{
    "vertices": [9.97656,0,2.64408,9.97656,-0,-2.55608,49.9766,0,2.64408,49.9766,-0,-2.55608,21.0077,0,2.64408,19.0077,0,2.64408,21.0077,-0,-2.55608,19.0077,-0,-2.55608,38.8712,0,2.64408,36.8708,0,2.64408,38.8712,-0,-2.55608,36.8708,-0,-2.55608,21.0077,0,2.94408,19.0077,0,2.94408,21.0077,1e-06,12.8441,19.0077,1e-06,12.8441,37.0077,0,2.94408,37.0077,1e-06,12.8441,14.0077,0,2.94408,14.0077,1e-06,12.8441,38.8712,-0,-2.85608,36.8708,-0,-2.85608,38.8712,-0,-7.85608,36.8708,-0,-7.85608,31.8708,-0,-2.85608,31.8708,-0,-7.85608,43.8712,-0,-2.85608,43.8712,-0,-7.85608,57.9766,0,2.64408,57.9766,-0,-2.55608,49.9766,0,6.64408,57.9766,0,6.64408,49.9766,-0,-6.55608,57.9766,-0,-6.55608],
    "faces": [41,10,8,2,3,0,1,2,3,0,0,0,0,41,1,0,5,7,4,5,6,7,0,1,0,0,41,7,5,4,6,7,6,8,9,0,0,0,0,41,4,5,13,12,8,6,10,11,0,0,0,0,41,6,4,9,11,9,8,12,13,0,0,0,0,41,11,9,8,10,13,12,1,0,0,0,0,0,41,12,14,17,16,11,14,15,16,0,0,0,0,41,12,13,15,14,11,10,17,14,0,0,0,0,41,15,13,18,19,17,10,18,19,0,0,0,0,41,11,10,20,21,13,0,20,21,0,0,0,0,41,21,20,22,23,21,20,22,23,0,0,0,0,41,21,23,25,24,21,23,24,25,0,0,0,0,41,22,20,26,27,22,20,26,27,0,0,0,0,41,3,2,28,29,3,2,28,29,0,0,0,0,41,28,2,30,31,28,2,30,31,0,0,0,0,41,3,29,33,32,3,29,32,33,0,0,0,0],
    "metadata": {
        "vertices": 34,
        "faces": 16,
        "type": "Geometry",
        "generator": "io_three",
        "version": 3,
        "uvs": 1,
        "normals": 2
    },
    "name": "Circle.003Geometry",
    "uvs": [[0.601958,0.32086,0.601958,0.212538,0.83329,0.212538,0.83329,0.32086,6.6e-05,0.32086,6.6e-05,0.212538,0.18819,0.212538,0.18819,0.32086,0.229851,0.212538,0.229851,0.32086,0.18819,0.206289,0.229851,0.206289,0.560289,0.212538,0.560289,0.32086,0.229851,6.6e-05,0.56314,6.6e-05,0.56314,0.206289,0.18819,6.6e-05,0.084037,0.206289,0.084037,6.6e-05,0.601958,0.327109,0.560289,0.327109,0.601958,0.431262,0.560289,0.431262,0.456136,0.431262,0.456136,0.327109,0.706111,0.327109,0.706111,0.431262,0.999934,0.212538,0.999934,0.32086,0.83329,0.129215,0.999934,0.129216,0.999934,0.404183,0.833289,0.404183]],
    "normals": [0,1,0,0,0.999969,0]
}