{
    "vertices": [-2.59983,-0,-9.99868,2.59983,-0,-9.99868,-2.59983,-2e-06,-39.9987,2.59983,-2e-06,-39.9987,2.59983,-2e-06,-47.9987,-2.59983,-2e-06,-47.9987,-7.59983,-2e-06,-39.9987,-7.59983,-2e-06,-47.9987,7.59983,-2e-06,-39.9987,7.59983,-2e-06,-47.9987,2.59983,-2e-06,-49.9987,-2.59983,-2e-06,-49.9987],
    "faces": [41,0,1,3,2,0,1,2,3,0,1,1,1,41,2,3,4,5,3,2,4,5,1,1,1,1,41,4,3,8,9,4,2,6,7,1,1,1,1,41,2,5,7,6,3,5,8,9,1,1,1,1,41,5,4,10,11,5,4,10,11,1,1,1,1],
    "metadata": {
        "vertices": 12,
        "faces": 5,
        "type": "Geometry",
        "generator": "io_three",
        "version": 3,
        "uvs": 1,
        "normals": 2
    },
    "name": "Circle.014Geometry",
    "uvs": [[6.2e-05,0.255021,6.2e-05,0.125046,0.74997,0.125046,0.74997,0.255021,0.949944,0.125046,0.949945,0.255021,0.74997,6.2e-05,0.949945,6.2e-05,0.949944,0.380006,0.74997,0.380006,0.999938,0.125046,0.999938,0.255021]],
    "normals": [0,0.999969,0,0,1,0]
}