{
    "vertices": [-2.60007,0,9.99868,2.60007,0,9.99868,-2.60007,3.599,10.0788,2.60007,3.599,10.0788,-2.60007,1e-06,29.9987,2.60007,1e-06,29.9987,-2.60007,3.599,30.0788,2.60007,3.599,30.0788,-2.60007,1e-06,15.9987,2.60007,1e-06,15.9987,2.60007,3.599,16.0788,-2.60007,3.599,16.0788,-2.60007,1e-06,17.9987,-2.60007,3.599,18.0788,2.60007,1e-06,17.9987,2.60007,3.599,18.0788,-2.80007,3.599,16.0788,-2.80007,1e-06,15.9987,-2.80007,1e-06,17.9987,-2.80007,3.599,18.0788,-7.30007,3.599,16.0788,-7.30007,1e-06,15.9987,-7.30007,1e-06,17.9987,-7.30007,3.599,18.0788,-2.80007,3.599,13.0788,-2.80007,1e-06,12.9987,-7.30007,3.599,13.0788,-7.30007,1e-06,12.9987,-2.80007,3.599,20.0788,-2.80007,1e-06,19.9987,-7.30007,3.599,20.0788,-7.30007,1e-06,19.9987],
    "faces": [41,15,14,5,7,0,1,2,3,0,0,1,2,41,12,13,6,4,4,5,6,7,3,4,3,4,41,0,2,11,8,8,9,10,11,5,5,6,7,41,3,1,9,10,12,13,14,15,0,0,0,0,41,13,12,18,19,16,17,18,19,4,3,2,1,41,10,9,14,15,15,14,1,0,0,0,0,0,41,8,11,16,17,20,21,22,23,7,6,8,9,41,21,20,23,22,24,25,26,27,5,5,5,5,41,25,24,26,27,28,29,30,31,8,9,7,6,41,20,21,27,26,25,24,31,30,5,5,6,7,41,17,16,24,25,23,22,29,28,9,8,9,8,41,28,29,31,30,32,33,34,35,2,1,4,3,41,22,23,30,31,27,26,35,34,5,5,3,4,41,19,18,29,28,19,18,33,32,1,2,1,2,41,6,7,5,4,6,3,2,7,3,2,1,4],
    "metadata": {
        "vertices": 32,
        "faces": 15,
        "normals": 10,
        "version": 3,
        "generator": "io_three",
        "uvs": 1,
        "type": "Geometry"
    },
    "uvs": [[0.784915,0.006052,0.784915,0.10283,0.462392,0.10283,0.462392,0.006052,7e-05,0.10283,7e-05,0.006052,0.322593,0.006052,0.322593,0.10283,0.161975,0.210058,0.161371,0.306812,7e-05,0.306812,0.000673,0.210058,0.99993,0.006052,0.99993,0.10283,0.838669,0.10283,0.838669,0.006052,7e-05,0.207825,7e-05,0.111047,0.005446,0.111047,0.005446,0.207825,0.575299,0.111047,0.575299,0.207825,0.569922,0.207825,0.569922,0.111047,0.287684,0.111047,0.287684,0.207825,0.23393,0.207825,0.23393,0.111047,0.489291,0.111047,0.489291,0.207825,0.368315,0.207825,0.368315,0.111047,0.0592,0.207825,0.0592,0.111047,0.180176,0.111047,0.180177,0.207825]],
    "name": "Circle.006Geometry",
    "normals": [-1,0,0,-0.712058,0.015595,-0.701926,-0.702017,0.015839,-0.711936,0.702017,0.015839,-0.711936,0.712058,0.015595,-0.701926,1,0,0,0.702017,-0.015839,0.711936,0.712058,-0.015595,0.701926,-0.702017,-0.015839,0.711936,-0.712058,-0.015595,0.701926]
}