{
    "vertices": [-2.60007,3.599,10.0788,2.60007,3.599,10.0788,-2.60007,3.599,30.0788,2.60007,3.599,30.0788,2.60007,3.599,16.0788,-2.60007,3.599,16.0788,-2.60007,3.599,18.0788,2.60007,3.599,18.0788,-2.80007,3.599,16.0788,-2.80007,3.599,18.0788,-7.30007,3.599,16.0788,-7.30007,3.599,18.0788,-2.80007,3.599,13.0788,-7.30007,3.599,13.0788,-2.80007,3.599,20.0788,-7.30007,3.599,20.0788],
    "faces": [41,7,3,2,6,0,1,2,3,0,0,0,0,41,5,0,1,4,6,7,4,5,0,0,0,0,41,4,7,6,5,5,0,3,6,0,0,0,0,41,5,6,9,8,6,3,8,9,0,0,0,0,41,8,9,11,10,9,8,10,11,0,0,0,0,41,8,10,13,12,9,11,12,13,0,0,0,0,41,11,9,14,15,10,8,14,15,0,0,0,0],
    "metadata": {
        "vertices": 16,
        "faces": 7,
        "normals": 1,
        "version": 3,
        "generator": "io_three",
        "uvs": 1,
        "type": "Geometry"
    },
    "uvs": [[0.528256,0.000211,0.000204,0.000211,0.000204,0.22904,0.528256,0.22904,0.880291,0.000211,0.616265,0.000211,0.616265,0.22904,0.880291,0.22904,0.528256,0.237841,0.616265,0.237841,0.528256,0.43586,0.616265,0.43586,0.748278,0.43586,0.748278,0.237841,0.440247,0.237841,0.440247,0.43586]],
    "name": "Circle.007Geometry",
    "normals": [0,-1,0]
}