{
    "vertices": [-10.0691,3.599,-2.5561,-10.0706,3.599,2.6441,-16.0691,3.599,-2.5561,-16.0706,3.599,2.6441,-26.0691,3.599,-2.5561,-26.0706,3.599,2.6441,-16.0691,3.599,-8.5561,-26.0691,3.599,-8.5561,-16.0706,3.599,8.6441,-26.0706,3.599,8.6441],
    "faces": [41,2,0,1,3,2,3,0,1,0,1,1,0,41,3,5,4,2,1,4,5,2,0,0,0,0,41,2,4,7,6,2,5,6,7,0,0,0,0,41,5,3,8,9,4,1,8,9,0,0,0,0],
    "metadata": {
        "vertices": 10,
        "faces": 4,
        "type": "Geometry",
        "generator": "io_three",
        "version": 3,
        "uvs": 1,
        "normals": 2
    },
    "name": "Circle.009Geometry",
    "uvs": [[0.928014,0.650879,0.579292,0.650804,0.579441,0.348567,0.928164,0.348642,-0.001912,0.650678,-0.001762,0.348441,-0.001687,-0.000281,0.579517,-0.000155,0.579216,0.999526,-0.001987,0.999401]],
    "normals": [0,-1,0,0,-0.999969,0]
}