{
    "vertices": [-2.59983,3.599,-50.0789,2.59983,3.599,-50.0789,2.59983,-2e-06,-49.9987,-2.59983,-2e-06,-49.9987,-2.59983,3.599,-80.0789,2.59983,3.599,-80.0789,2.59983,-3e-06,-79.9987,-2.59983,-3e-06,-79.9987,-22.5998,3.599,-50.0789,-22.5998,-2e-06,-49.9987,-22.5998,3.599,-80.0789,-22.5998,-3e-06,-79.9987,22.5998,-2e-06,-49.9987,22.5998,3.599,-50.0789,22.5998,-3e-06,-79.9987,22.5998,3.599,-80.0789,-2.59983,10.599,-50.0789,2.59983,10.599,-50.0789,-2.59983,10.599,-80.0789,2.59983,10.599,-80.0789,-22.5998,5.599,-80.0789,-22.5998,5.599,-50.0789,22.5998,5.599,-50.0789,22.5998,5.599,-80.0789],
    "faces": [41,5,4,7,6,0,1,2,3,0,0,1,1,41,5,6,14,15,0,3,4,5,0,1,2,3,41,7,4,10,11,2,1,6,7,1,0,4,5,41,15,13,22,23,5,8,9,10,3,6,7,8,41,8,9,11,10,11,12,7,6,9,10,5,4,41,5,15,23,19,0,5,10,13,0,3,8,11,41,0,3,9,8,14,15,16,17,12,13,10,9,41,12,13,15,14,18,8,5,4,14,6,3,2,41,10,4,18,20,6,1,19,20,4,0,11,15,41,2,1,13,12,21,22,8,18,13,12,6,14,41,13,1,17,22,8,22,23,9,6,12,16,7,41,4,5,19,18,1,0,13,19,0,0,11,11,41,8,10,20,21,11,6,20,24,9,4,15,17,41,0,8,21,16,14,17,25,26,12,9,17,16,41,1,0,16,17,22,14,26,23,12,12,16,16],
    "metadata": {
        "vertices": 24,
        "faces": 15,
        "type": "Geometry",
        "generator": "io_three",
        "version": 3,
        "uvs": 1,
        "normals": 18
    },
    "name": "Circle.004Geometry",
    "uvs": [[0.366826,0.036851,0.332279,0.036851,0.332279,0.00124,0.36684,0.00124,0.499572,0.00124,0.499427,0.036851,0.199501,0.036851,0.199377,0.00124,0.699018,0.036851,0.699082,0.056007,0.499496,0.056007,0.000282,0.036851,2.7e-05,0.00124,0.366811,0.089379,0.866831,0.036851,0.866843,0.00124,0.999973,0.00124,0.999961,0.036851,0.699152,0.00124,0.332274,0.089379,0.199427,0.056007,0.832234,0.00124,0.832219,0.036851,0.832196,0.089379,0.000129,0.056007,0.999954,0.056007,0.866808,0.089379]],
    "normals": [0,0.011139,0.999908,0,0.022279,0.999725,-0.712058,0.015656,0.701926,-0.704581,0.007904,0.709525,0.704581,0.007904,0.709525,0.712058,0.015656,0.701926,-0.709616,-0.007843,-0.70452,-0.654225,0,-0.756279,-0.654225,0,0.756279,0.709616,-0.007843,-0.70452,0.702017,-0.01587,-0.711966,0,0,1,0,-0.007416,-0.999969,0,-0.022279,-0.999725,-0.702017,-0.01587,-0.711966,0.654225,0,0.756279,0,0,-1,0.654225,0,-0.756279]
}