{
    "vertices": [2.59983,-2e-06,-49.9987,-2.59983,-2e-06,-49.9987,2.59983,-3e-06,-79.9987,-2.59983,-3e-06,-79.9987,-22.5998,-2e-06,-49.9987,-22.5998,-3e-06,-79.9987,22.5998,-2e-06,-49.9987,22.5998,-3e-06,-79.9987],
    "faces": [41,1,0,2,3,0,1,2,3,0,0,0,0,41,1,3,5,4,0,3,4,5,0,0,0,0,41,2,0,6,7,2,1,6,7,0,0,0,0],
    "metadata": {
        "vertices": 8,
        "faces": 3,
        "type": "Geometry",
        "generator": "io_three",
        "version": 3,
        "uvs": 1,
        "normals": 1
    },
    "name": "Circle.017Geometry",
    "uvs": [[0.44249,8.1e-05,0.557509,8.1e-05,0.557509,0.663695,0.442491,0.663695,8.1e-05,0.663695,8.2e-05,8.2e-05,0.999919,8.2e-05,0.999918,0.663695]],
    "normals": [0,1,0]
}