{
    "vertices": [-10.0691,3.599,-2.5561,-2.59983,3.599,-10.0789,-9.99868,3.6,4.25352,-2.60007,3.599,10.0788,4.20952,3.6,9.99868,10.0498,3.599,2.64408,9.99868,3.6,-4.16552,2.59983,3.599,-10.0789,-8.61654,5.67348,-2.04788,-2.08717,5.55471,-8.69571,-8.61654,5.67348,2.12463,-2.08735,5.55679,8.69432,2.08735,5.55679,8.69432,8.67586,5.65392,2.38768,8.67586,5.65392,-2.31239,2.08717,5.55471,-8.69571,-2.39968,9.6,-0.999725,-1.01028,9.6,-2.39968,-2.39968,9.6,1.02084,-1.01029,9.6,2.39968,1.01028,9.6,2.39968,2.39968,9.6,1.02084,2.39968,9.6,-0.999724,1.01029,9.6,-2.39968,-10.0706,3.599,2.6441,-7.99894,6.6,3.40281,-9.99868,3.6,-4.16552,-7.99894,6.6,-3.33242,7.99894,6.6,3.40281,9.99868,3.6,4.25352,10.0483,3.599,-2.55608,7.99894,6.6,-3.33241,3.36762,6.6,-7.99894,4.20952,3.6,-9.99868,-3.36761,6.6,-7.99894,-4.20952,3.6,-9.99868,-3.36761,6.6,7.99894,-4.20952,3.6,9.99868,2.60007,3.599,10.0788,3.36761,6.6,7.99894,-0,9.6,0.002085],
    "faces": [41,2,25,36,37,0,1,2,3,0,1,2,3,41,4,39,28,29,4,5,6,7,4,5,6,7,41,6,31,32,33,8,9,10,11,8,9,10,11,41,0,8,10,24,12,13,14,15,12,13,14,15,41,3,11,12,38,16,17,18,19,16,17,18,19,41,5,13,14,30,20,21,22,23,20,21,22,23,41,7,15,9,1,24,25,26,27,24,25,26,27,41,35,34,27,26,28,29,30,31,28,29,30,31,41,31,22,23,32,9,32,33,10,9,32,33,10,41,27,16,18,25,30,34,35,1,30,34,35,1,41,36,19,20,39,2,36,37,5,2,36,37,5,41,28,21,22,31,6,38,32,9,6,38,32,9,41,32,23,17,34,10,33,39,29,10,33,39,29,41,34,17,16,27,29,39,34,30,29,39,34,30,41,25,18,19,36,1,35,36,2,1,35,36,2,41,39,20,21,28,5,37,38,6,5,37,38,6,41,10,25,2,24,14,1,0,15,14,1,0,15,41,0,26,27,8,12,31,30,13,12,31,30,13,41,8,27,25,10,13,30,1,14,13,30,1,14,41,5,29,28,13,20,7,6,21,20,7,6,21,41,14,31,6,30,22,9,8,23,22,9,8,23,41,13,28,31,14,21,6,9,22,21,6,9,22,41,7,33,32,15,24,11,10,25,24,11,10,25,41,9,34,35,1,26,29,28,27,26,29,28,27,41,15,32,34,9,25,10,29,26,25,10,29,26,41,3,37,36,11,16,3,2,17,16,3,2,17,41,12,39,4,38,18,5,4,19,18,5,4,19,41,11,36,39,12,17,2,5,18,17,2,5,18,40,16,17,40,34,39,40,34,39,40,40,17,23,40,39,33,40,39,33,40,40,23,22,40,33,32,40,33,32,40,40,22,21,40,32,38,40,32,38,40,40,21,20,40,38,37,40,38,37,40,40,20,19,40,37,36,40,37,36,40,40,19,18,40,36,35,40,36,35,40,40,18,16,40,35,34,40,35,34,40],
    "metadata": {
        "vertices": 41,
        "faces": 36,
        "type": "Geometry",
        "generator": "io_three",
        "version": 3,
        "uvs": 1,
        "normals": 41
    },
    "name": "Circle.002Geometry",
    "uvs": [[0.002402,0.294664,0.154977,0.361945,0.160093,0.630737,0.0001,0.692402,0.299423,0.999028,0.365316,0.835362,0.636124,0.844594,0.70252,0.999028,0.9999,0.699677,0.837182,0.635289,0.845982,0.362497,0.999826,0.297498,0.234213,0.049956,0.292418,0.162238,0.15823,0.290873,0.051251,0.231731,0.048965,0.759821,0.156048,0.706421,0.287719,0.840286,0.230851,0.947729,0.766374,0.950067,0.700714,0.852177,0.847923,0.701785,0.949952,0.767905,0.952017,0.233545,0.849276,0.286917,0.71813,0.15407,0.774323,0.051003,0.709298,0.001134,0.640781,0.158095,0.366008,0.163597,0.30256,0.0001,0.594657,0.536405,0.596449,0.459118,0.462613,0.405843,0.405338,0.460497,0.406754,0.53763,0.463786,0.591974,0.540104,0.593817,0.538657,0.403871,0.501155,0.498541]],
    "normals": [0.742393,-0.590564,-0.316263,0.623127,-0.736717,-0.262551,0.260231,-0.736625,-0.624195,0.313761,-0.590564,-0.743461,-0.313761,-0.590564,-0.743461,-0.260231,-0.736625,-0.624195,-0.620319,-0.738548,-0.263955,-0.742821,-0.58623,-0.323252,-0.745109,-0.584918,0.320353,-0.621967,-0.737877,0.262001,-0.262917,-0.736381,0.623371,-0.316233,-0.590564,0.742393,0.822291,-0.568957,0.008423,0.826044,-0.563524,0.005005,0.825983,-0.563646,-0.005036,0.822199,-0.569079,-0.008515,0.009156,-0.571398,-0.820582,0.005524,-0.565233,-0.824885,-0.005524,-0.565233,-0.824885,-0.009156,-0.571398,-0.820582,-0.830012,-0.557543,-0.014801,-0.823908,-0.566576,-0.010315,-0.824,-0.566485,0.010285,-0.830134,-0.55736,0.01471,-0.009156,-0.571459,0.820551,-0.005524,-0.565264,0.824854,0.005524,-0.565264,0.824854,0.009156,-0.571459,0.820551,0.316233,-0.590564,0.742393,0.262917,-0.736381,0.623371,0.624714,-0.736045,0.260567,0.744652,-0.589282,0.313395,-0.258797,-0.960051,0.106235,-0.107273,-0.960021,0.258492,0.258797,-0.960051,0.106235,0.258309,-0.960112,-0.106815,0.105777,-0.960143,-0.258583,-0.105777,-0.960143,-0.258583,-0.258309,-0.960112,-0.106815,0.107242,-0.960021,0.258492,0,-1,0]
}