{
    "vertices": [0,0,0,-2.59983,-0,-9.99868,-9.99868,-0,-2.5561,-9.99868,0,2.6441,-2.60007,0,9.99868,2.60007,0,9.99868,9.97656,0,2.64408,9.97656,-0,-2.55608,2.59983,-0,-9.99868,-9.99868,0,4.25352,-9.99868,-0,-4.16552,9.99868,-0,-4.16552,9.99868,0,4.25352,-4.20952,-0,-9.99868,4.20952,-0,-9.99868,4.20952,0,9.99868,-4.20952,0,9.99868],
    "faces": [40,0,9,16,0,1,2,0,0,0,40,0,15,12,0,3,4,0,0,1,40,15,0,5,3,0,5,0,0,0,40,0,11,14,0,6,7,0,0,0,40,11,0,7,6,0,8,0,0,0,40,0,13,10,0,9,10,0,0,0,40,0,14,8,0,7,11,0,0,0,40,1,0,8,12,0,11,0,0,0,40,0,12,6,0,4,13,0,1,1,40,7,0,6,8,0,13,0,0,1,40,0,16,4,0,2,14,0,0,0,40,5,0,4,5,0,14,0,0,0,40,3,0,2,15,0,16,0,0,1,40,0,10,2,0,10,16,0,0,1,40,9,0,3,1,0,15,0,0,0,40,13,0,1,9,0,12,0,0,0],
    "metadata": {
        "vertices": 17,
        "faces": 16,
        "type": "Geometry",
        "generator": "io_three",
        "version": 3,
        "uvs": 1,
        "normals": 2
    },
    "name": "Circle.019Geometry",
    "uvs": [[0.499999,0.499023,0.000245,0.286636,0.28974,0.0001,0.710603,0.000244,0.9999,0.28698,0.630147,0.000217,0.999755,0.70702,0.710258,0.997947,0.998677,0.626722,0.289396,0.997803,0.0001,0.706677,0.629791,0.99792,0.369863,0.99783,0.998767,0.367277,0.370195,0.000127,0.000217,0.366933,0.000128,0.62638]],
    "normals": [0,1,0,0,0.999969,0]
}