{
    "vertices": [-2.59983,-0,-9.99868,-9.99868,-0,-2.5561,-9.99868,0,2.6441,-2.60007,0,9.99868,2.60007,0,9.99868,9.97656,0,2.64408,9.97656,-0,-2.55608,2.59983,-0,-9.99868,-10.0691,3.599,-2.5561,-2.59983,3.599,-10.0789,-9.99868,3.6,4.25352,-2.60007,3.599,10.0788,4.20952,3.6,9.99868,10.0498,3.599,2.64408,9.99868,3.6,-4.16552,2.59983,3.599,-10.0789,-9.99868,0,4.25352,-9.99868,-0,-4.16552,-10.0706,3.599,2.6441,-9.99868,3.6,-4.16552,9.99868,-0,-4.16552,9.99868,0,4.25352,9.99868,3.6,4.25352,10.0483,3.599,-2.55608,-4.20952,-0,-9.99868,4.20952,-0,-9.99868,4.20952,3.6,-9.99868,-4.20952,3.6,-9.99868,4.20952,0,9.99868,-4.20952,0,9.99868,-4.20952,3.6,9.99868,2.60007,3.599,10.0788],
    "faces": [41,20,14,26,25,0,1,2,3,0,1,2,3,41,28,12,22,21,4,5,6,7,4,5,6,7,41,16,10,30,29,8,9,10,11,8,9,10,11,41,24,27,19,17,12,13,14,15,12,13,14,15,41,18,10,16,2,16,9,8,17,16,9,8,16,41,1,17,19,8,18,15,14,19,17,15,14,17,41,23,14,20,6,20,1,0,21,18,1,0,18,41,5,21,22,13,22,7,6,23,19,7,6,19,41,7,25,26,15,24,3,2,25,20,3,2,20,41,24,0,9,27,12,27,26,13,12,21,21,13,41,31,12,28,4,28,5,4,29,22,5,4,22,41,3,29,30,11,30,11,10,31,23,11,10,23],
    "metadata": {
        "vertices": 32,
        "faces": 12,
        "type": "Geometry",
        "generator": "io_three",
        "version": 3,
        "uvs": 1,
        "normals": 24
    },
    "name": "Circle.020Geometry",
    "uvs": [[0.086879,0.19429,0.086892,0.00071,0.529674,0.000741,0.52966,0.194321,0.089059,0.194382,0.089073,0.000801,0.528502,0.000832,0.528488,0.194412,0.526258,-0.000495,0.526262,0.193086,0.086833,0.193096,0.086828,-0.000485,0.529728,0.000212,0.529715,0.193793,0.086933,0.193762,0.086947,0.000181,0.613061,0.19303,0.61297,-0.000535,0.000235,0.000138,0.000138,0.193702,0.000138,0.000757,0.000158,0.194323,0.61521,0.194459,0.615259,0.000891,0.616387,0.194376,0.616508,0.0008,0.616549,0.193745,0.616455,0.00017,0.002252,0.000849,0.002346,0.194424,0.000115,-0.000531,1.2e-05,0.193044]],
    "normals": [-0.922941,0.005371,0.384869,-0.92291,0.005371,0.38496,-0.395978,0.005982,0.91821,-0.395886,0.005982,0.918241,-0.392376,0.005982,-0.919767,-0.392468,0.005982,-0.919736,-0.921354,0.005493,-0.388653,-0.921384,0.005493,-0.388592,0.91876,0.005371,-0.394726,0.918729,0.005371,-0.394787,0.392468,0.005982,-0.919736,0.392376,0.005982,-0.919767,0.395886,0.005982,0.918241,0.395978,0.005982,0.91821,0.920316,0.005249,0.391095,0.920347,0.005249,0.391003,0.999695,0.00998,-0.022309,0.999695,0.009766,0.021851,-0.999908,0.009949,0.008545,-0.999878,0.010163,-0.009003,-0.024903,0.011139,0.999603,0.024903,0.011139,0.999603,-0.024873,0.011109,-0.999603,0.024873,0.011109,-0.999603]
}