{
    "name": "Circle.002Geometry",
    "normals": [0,1,0,0.712973,0.630726,-0.306284,0.30427,0.631458,-0.713187,-0.30427,0.631458,-0.713187,-0.715842,0.629597,-0.301889,-0.011078,0.895413,-0.445051,-0.716575,0.630207,0.298837,-0.307199,0.630818,0.712485,-0.44377,0.896115,0.003784,0.880062,-0.288858,-0.376812,0.623127,-0.736717,-0.262551,0.260231,-0.736625,-0.624195,0.374279,-0.288858,-0.881161,-0.374279,-0.288858,-0.881161,-0.260231,-0.736625,-0.624195,-0.620319,-0.738548,-0.263955,-0.880917,-0.286691,-0.376507,-0.882595,-0.286203,0.372875,-0.621967,-0.737877,0.262001,-0.262917,-0.736381,0.623371,-0.377483,-0.288675,0.879849,0.920133,-0.391308,0.013489,0.826044,-0.563524,0.005005,0.825983,-0.563646,-0.005036,0.920133,-0.391339,-0.013703,0.015046,-0.392651,-0.919553,0.005524,-0.565233,-0.824885,-0.005524,-0.565233,-0.824885,-0.015046,-0.392651,-0.919553,-0.923704,-0.382824,-0.013398,-0.823908,-0.566576,-0.010315,-0.824,-0.566485,0.010285,-0.923734,-0.382763,0.013184,-0.015076,-0.392682,0.919523,-0.005524,-0.565264,0.824854,0.005524,-0.565264,0.824854,0.015076,-0.392682,0.919523,0.377483,-0.288675,0.879849,0.262917,-0.736381,0.623371,0.624714,-0.736045,0.260567,0.881771,-0.2884,0.373211,0.307199,0.630818,0.712485,0.713736,0.631336,0.303232,-0.410108,-0.896329,0.16834,-0.169683,-0.896634,0.408948,0.410108,-0.896359,0.16834,0.408643,-0.896878,-0.168981,0.167638,-0.896603,-0.409803,-0.167638,-0.896603,-0.409803,-0.408643,-0.896878,-0.168981,0.169683,-0.896634,0.408948,0.445296,0.895321,-0.009919,0.445326,0.895291,0.009735,-0.443739,0.896115,-0.003998,-0.011078,0.895413,0.445051,0.011078,0.895413,0.445051,0.011078,0.895413,-0.445051],
    "vertices": [0,0,0,-2.59983,-0,-9.99868,-9.99868,-0,-2.5561,-9.99868,0,2.6441,-2.60007,0,9.99868,2.60007,0,9.99868,9.97656,0,2.64408,9.97656,-0,-2.55608,2.59983,-0,-9.99868,-10.0691,3.599,-2.5561,-2.59983,3.599,-10.0789,-9.99868,3.6,4.25352,-2.60007,3.599,10.0788,4.20952,3.6,9.99868,10.0498,3.599,2.64408,9.99868,3.6,-4.16552,2.59983,3.599,-10.0789,-8.61654,5.67348,-2.04788,-2.08717,5.55471,-8.69571,-8.61654,5.67348,2.12463,-2.08735,5.55679,8.69432,2.08735,5.55679,8.69432,8.67586,5.65392,2.38768,8.67586,5.65392,-2.31239,2.08717,5.55471,-8.69571,-2.39968,9.6,-0.999725,-1.01028,9.6,-2.39968,-2.39968,9.6,1.02084,-1.01029,9.6,2.39968,1.01028,9.6,2.39968,2.39968,9.6,1.02084,2.39968,9.6,-0.999724,1.01029,9.6,-2.39968,-9.99868,0,4.25352,-9.99868,-0,-4.16552,-10.0706,3.599,2.6441,-7.99894,6.6,3.40281,-9.99868,3.6,-4.16552,-7.99894,6.6,-3.33242,9.99868,-0,-4.16552,9.99868,0,4.25352,7.99894,6.6,3.40281,9.99868,3.6,4.25352,10.0483,3.599,-2.55608,7.99894,6.6,-3.33241,-4.20952,-0,-9.99868,4.20952,-0,-9.99868,3.36762,6.6,-7.99894,4.20952,3.6,-9.99868,-3.36761,6.6,-7.99894,-4.20952,3.6,-9.99868,4.20952,0,9.99868,-4.20952,0,9.99868,-3.36761,6.6,7.99894,-4.20952,3.6,9.99868,2.60007,3.599,10.0788,3.36761,6.6,7.99894],
    "faces": [32,0,33,52,0,1,2,32,0,51,40,0,3,4,32,51,0,5,3,0,5,32,0,39,46,0,6,7,32,39,0,7,6,0,8,33,11,36,53,54,9,10,11,12,33,13,56,41,42,13,14,15,16,33,15,44,47,48,17,18,19,20,33,9,17,19,35,21,22,23,24,33,12,20,21,55,25,26,27,28,33,14,22,23,43,29,30,31,32,33,16,24,18,10,33,34,35,36,33,50,49,38,37,37,38,39,40,33,39,15,48,46,6,17,20,7,33,51,13,42,40,3,13,16,4,33,33,11,54,52,1,9,12,2,33,45,50,37,34,41,37,40,42,33,44,31,32,47,18,43,44,19,33,38,25,27,36,39,45,46,10,33,53,28,29,56,11,47,48,14,33,41,30,31,44,15,49,43,18,33,47,32,26,49,19,44,50,38,33,49,26,25,38,38,50,45,39,33,36,27,28,53,10,46,47,11,33,56,29,30,41,14,48,49,15,33,19,36,11,35,23,10,9,24,33,9,37,38,17,21,40,39,22,33,35,11,33,3,24,9,1,51,33,2,34,37,9,52,42,40,21,33,17,38,36,19,22,39,10,23,33,14,42,41,22,29,16,15,30,33,23,44,15,43,31,18,17,32,33,43,15,39,7,32,17,6,8,33,6,40,42,14,53,4,16,29,33,22,41,44,23,30,15,18,31,33,16,48,47,24,33,20,19,34,33,18,49,50,10,35,38,37,36,33,8,46,48,16,54,7,20,33,33,10,50,45,1,36,37,41,55,33,24,47,49,18,34,19,38,35,33,12,54,53,20,25,12,11,26,33,21,56,13,55,27,14,13,28,33,55,13,51,5,28,13,3,5,33,4,52,54,12,56,2,12,25,33,20,53,56,21,26,11,14,27,32,0,45,34,0,41,42,32,0,46,8,0,7,54,32,1,0,8,55,0,54,32,0,40,6,0,4,53,32,7,0,6,8,0,53,32,0,52,4,0,2,56,32,5,0,4,5,0,56,32,3,0,2,51,0,52,32,0,34,2,0,42,52,32,33,0,3,1,0,51,32,45,0,1,41,0,55],
    "metadata": {
        "normals": 57,
        "vertices": 57,
        "faces": 56,
        "generator": "io_three",
        "uvs": 0,
        "version": 3,
        "type": "Geometry"
    },
    "uvs": []
}