{
    "name": "Circle.004Geometry",
    "normals": [-0.702017,0.712119,0,-0.712058,-0.702078,0,-0.295785,-0.906888,-0.299997,-0.30726,0.902127,-0.302866,0.712058,-0.702078,0,0.702017,0.712119,0,0.30726,0.902127,-0.302866,0.295785,-0.906888,-0.299997,0.576159,0.571429,-0.584338,0.578509,-0.583148,-0.570269,-0.30726,-0.902127,0.302866,0.30726,-0.902127,0.302866,0.297006,-0.307993,-0.903806,-0.297006,-0.307993,-0.903806,-0.295785,0.906888,0.299997,0.295785,0.906888,0.299997,-0.576159,0.571429,-0.584338,-0.578509,0.583148,0.570269,0.578509,0.583148,0.570269,0.576159,-0.571429,0.584338,-0.578509,-0.583148,-0.570269,-0.576159,-0.571429,0.584338,0,0.714927,0.699149,0,0.011139,0.999908,-0.704581,0.007904,0.709525,0.704581,0.007904,0.709525,-0.709616,-0.007843,-0.70452,-0.635609,-0.496261,-0.591327,-0.635609,-0.496261,0.591327,0.709616,-0.007843,-0.70452,-0.089511,-0.727134,0.680593,0.089511,-0.727134,0.680593,0.635609,-0.496261,0.591327,-0.089511,-0.727134,-0.680593,0.089511,-0.727134,-0.680593,0.635609,-0.496261,-0.591327],
    "vertices": [-2.59983,-0,-9.99868,2.59983,-0,-9.99868,-2.59983,3.599,-10.0789,2.59983,3.599,-10.0789,-2.59983,-2e-06,-39.9987,2.59983,-2e-06,-39.9987,-2.59983,3.599,-40.0789,2.59983,3.599,-40.0789,-2.59983,3.599,-48.0789,2.59983,3.599,-48.0789,2.59983,-2e-06,-47.9987,-2.59983,-2e-06,-47.9987,-7.59983,3.599,-40.0789,-7.59983,-2e-06,-39.9987,-7.59983,3.599,-48.0789,-7.59983,-2e-06,-47.9987,7.59983,-2e-06,-39.9987,7.59983,3.599,-40.0789,7.59983,-2e-06,-47.9987,7.59983,3.599,-48.0789,-2.59983,3.599,-50.0789,2.59983,3.599,-50.0789,2.59983,-2e-06,-49.9987,-2.59983,-2e-06,-49.9987,-2.59983,3.599,-80.0789,2.59983,3.599,-80.0789,2.59983,-3e-06,-79.9987,-2.59983,-3e-06,-79.9987,-22.5998,3.599,-50.0789,-22.5998,-2e-06,-49.9987,-22.5998,3.599,-80.0789,-22.5998,-3e-06,-79.9987,22.5998,-2e-06,-49.9987,22.5998,3.599,-50.0789,22.5998,-3e-06,-79.9987,22.5998,3.599,-80.0789,-2.59983,10.599,-50.0789,2.59983,10.599,-50.0789,-2.59983,10.599,-80.0789,2.59983,10.599,-80.0789,-22.5998,5.599,-80.0789,-22.5998,5.599,-50.0789,22.5998,5.599,-50.0789,22.5998,5.599,-80.0789],
    "faces": [33,1,3,7,5,0,1,2,3,33,2,0,4,6,4,5,6,7,33,2,6,7,3,4,7,2,1,33,0,1,5,4,5,0,3,6,33,6,4,13,12,7,6,8,9,33,9,8,20,21,10,11,12,13,33,7,6,8,9,2,7,11,10,33,4,5,10,11,6,3,14,15,33,10,5,16,18,14,3,16,17,33,12,13,15,14,9,8,18,19,33,8,6,12,14,11,7,9,19,33,4,11,15,13,6,15,18,8,33,11,8,14,15,15,11,19,18,33,16,17,19,18,16,20,21,17,33,9,10,18,19,10,14,17,21,33,7,9,19,17,2,10,21,20,33,5,7,17,16,3,2,20,16,33,23,22,26,27,6,3,22,22,33,11,10,22,23,15,14,3,6,33,10,9,21,22,14,10,13,3,33,8,11,23,20,11,15,6,12,33,25,24,27,26,23,23,22,22,33,25,26,34,35,23,22,17,24,33,27,24,30,31,22,23,25,18,33,35,33,42,43,24,26,27,28,33,28,29,31,30,29,8,18,25,33,25,35,43,39,23,24,28,30,33,20,23,29,28,12,6,8,29,33,23,27,31,29,6,22,18,8,33,32,33,35,34,16,26,24,17,33,30,24,38,40,25,23,31,32,33,22,21,33,32,3,13,26,16,33,26,22,32,34,22,3,16,17,33,37,36,38,39,33,34,31,30,33,38,36,41,40,31,34,35,32,33,37,39,43,42,33,30,28,27,33,33,21,37,42,26,13,33,27,33,24,25,39,38,23,23,30,31,33,28,30,40,41,29,25,32,35,33,20,28,41,36,12,29,35,34,33,21,20,36,37,13,12,34,33],
    "metadata": {
        "normals": 36,
        "vertices": 44,
        "faces": 41,
        "generator": "io_three",
        "uvs": 0,
        "version": 3,
        "type": "Geometry"
    },
    "uvs": []
}