{
    "name": "Circle.006Geometry",
    "normals": [-0.707083,0.707083,0,0.295816,0.906888,-0.299997,0.578509,0.583117,-0.570299,-0.578509,0.583117,-0.570299,-0.707083,-0.707083,0,-0.576159,-0.571459,-0.584307,0.30723,-0.902127,-0.302866,0.576159,-0.571459,-0.584307,-0.712058,-0.702109,0,0.295816,-0.906888,0.299997,0.712058,-0.702109,0,0.702017,0.712119,0,0.30723,0.902127,0.302866,-0.702017,0.712119,0,-0.295816,0.906888,-0.299997,-0.30723,-0.902127,-0.302866,-0.30723,0.902127,0.302866,0.707083,0.707083,0,-0.295816,-0.906888,0.299997,0.707083,-0.707083,0,-0.576159,0.571459,0.584307,0.576159,0.571459,0.584307,-0.578509,-0.583117,0.570299,0.578509,-0.583117,0.570299],
    "vertices": [-2.60007,0,9.99868,2.60007,0,9.99868,-2.60007,3.599,10.0788,2.60007,3.599,10.0788,-2.60007,1e-06,29.9987,2.60007,1e-06,29.9987,-2.60007,3.599,30.0788,2.60007,3.599,30.0788,-2.60007,1e-06,15.9987,2.60007,1e-06,15.9987,2.60007,3.599,16.0788,-2.60007,3.599,16.0788,-2.60007,1e-06,17.9987,-2.60007,3.599,18.0788,2.60007,1e-06,17.9987,2.60007,3.599,18.0788,-2.80007,3.599,16.0788,-2.80007,1e-06,15.9987,-2.80007,1e-06,17.9987,-2.80007,3.599,18.0788,-7.30007,3.599,16.0788,-7.30007,1e-06,15.9987,-7.30007,1e-06,17.9987,-7.30007,3.599,18.0788,-2.80007,3.599,13.0788,-2.80007,1e-06,12.9987,-7.30007,3.599,13.0788,-7.30007,1e-06,12.9987,-2.80007,3.599,20.0788,-2.80007,1e-06,19.9987,-7.30007,3.599,20.0788,-7.30007,1e-06,19.9987],
    "faces": [33,14,12,4,5,0,1,2,3,33,15,14,5,7,4,0,3,5,33,12,13,6,4,1,6,7,2,33,15,7,6,13,4,5,7,6,33,3,10,11,2,8,4,9,10,33,0,2,11,8,11,10,9,12,33,3,1,9,10,8,13,0,4,33,1,0,8,9,13,11,12,0,33,10,15,13,11,4,4,6,9,33,13,12,18,19,6,1,14,15,33,10,9,14,15,4,0,0,4,33,9,8,12,14,0,12,1,0,33,18,17,21,22,14,16,17,17,33,11,13,19,16,9,6,15,18,33,8,11,16,17,12,9,18,16,33,12,8,17,18,1,12,16,14,33,21,20,23,22,17,19,19,17,33,16,19,23,20,18,15,19,19,33,21,17,25,27,17,16,20,21,33,18,22,31,29,14,17,2,3,33,25,24,26,27,20,22,23,21,33,20,21,27,26,19,17,21,23,33,16,20,26,24,18,19,23,22,33,17,16,24,25,16,18,22,20,33,28,29,31,30,5,3,2,7,33,22,23,30,31,17,19,7,2,33,19,18,29,28,15,14,3,5,33,23,19,28,30,19,15,5,7,33,6,7,5,4,7,5,3,2],
    "metadata": {
        "normals": 24,
        "vertices": 32,
        "faces": 29,
        "generator": "io_three",
        "uvs": 0,
        "version": 3,
        "type": "Geometry"
    },
    "uvs": []
}