{
    "name": "Circle.003Geometry",
    "normals": [0,0.707083,-0.707083,0,-0.707083,-0.707083,0.300119,-0.906705,-0.296304,0.302744,0.902341,-0.306742,-0.301889,-0.903867,0.303079,0.30015,-0.906644,0.296396,-0.301096,0.905179,0.299936,0.302744,0.902371,0.30665,0,-0.702567,0.7116,0,0.7116,0.702567,0,0.707083,0.707083,0,-0.707083,0.707083,0,0.711692,-0.702475,0.301706,0.904202,-0.302286,-0.301309,0.904843,-0.300699,0.301309,-0.904843,-0.300699,0,-0.702597,-0.71157,-0.301706,-0.904202,-0.302286,0.301706,0.904202,0.302286,-0.301309,0.904843,0.300699,0.301767,0.90405,0.302591,0.301218,-0.904965,0.300394,-0.301889,-0.903867,-0.303079,-0.301096,0.905179,-0.299936,0.301309,-0.904843,0.300699,-0.301706,-0.904202,0.302286,0.576373,-0.578143,0.577502,0.578295,0.576525,0.577166,-0.576373,0.578143,-0.577502,-0.576373,0.578143,0.577502,-0.578295,-0.576525,0.577166,-0.578295,-0.576525,-0.577166,0.576373,-0.578143,-0.577502,0.578295,0.576525,-0.577166,0.301767,0.90405,-0.302591,0.301218,-0.904965,-0.300394,-0.579272,-0.575732,-0.577013,-0.575396,0.578936,-0.577654,0.578661,0.57622,0.577105,0.578661,0.57622,-0.577105,0.576006,-0.578448,-0.577563,0.576006,-0.578448,0.577563,-0.579272,-0.575732,0.577013,-0.575396,0.578936,0.577654,0.57091,-0.582629,-0.578417,0.583728,0.571947,-0.576281,-0.714103,-0.700003,3.1e-05,-0.714255,-0.69985,3.1e-05,-0.699881,0.714225,3.1e-05,-0.699973,0.714133,3.1e-05,0.571032,-0.582537,0.578387,-0.583575,-0.572069,0.576281,-0.583728,-0.571947,-0.576281,-0.57091,0.582629,-0.578417,0.583575,0.572069,0.576281,-0.571032,0.582537,0.578387],
    "vertices": [9.97656,0,2.64408,9.97656,-0,-2.55608,10.0498,3.599,2.64408,10.0483,3.599,-2.55608,49.9766,0,2.64408,49.9766,-0,-2.55608,50.0498,3.599,2.64408,50.0483,3.599,-2.55608,19.0187,3.599,2.64408,21.0187,3.599,2.64408,21.0077,0,2.64408,19.0077,0,2.64408,21.0185,3.599,-2.55608,19.0185,3.599,-2.55608,21.0077,-0,-2.55608,19.0077,-0,-2.55608,36.8864,3.599,2.64408,38.8936,3.599,2.64408,38.8712,0,2.64408,36.8708,0,2.64408,38.8932,3.599,-2.55608,36.8861,3.599,-2.55608,38.8712,-0,-2.55608,36.8708,-0,-2.55608,19.0187,3.599,2.94408,21.0187,3.599,2.94408,21.0077,0,2.94408,19.0077,0,2.94408,19.0187,3.599,12.8441,21.0187,3.599,12.8441,21.0077,1e-06,12.8441,19.0077,1e-06,12.8441,37.0187,3.599,2.94408,37.0077,0,2.94408,37.0187,3.599,12.8441,37.0077,1e-06,12.8441,14.0187,3.599,2.94408,14.0077,0,2.94408,14.0187,3.599,12.8441,14.0077,1e-06,12.8441,38.8932,3.599,-2.85608,36.8861,3.599,-2.85608,38.8712,-0,-2.85608,36.8708,-0,-2.85608,38.8932,3.599,-7.85608,36.8861,3.599,-7.85608,38.8712,-0,-7.85608,36.8708,-0,-7.85608,31.8708,-0,-2.85608,31.8861,3.599,-2.85608,31.8708,-0,-7.85608,31.8861,3.599,-7.85608,43.8712,-0,-2.85608,43.8932,3.599,-2.85608,43.8712,-0,-7.85608,43.8932,3.599,-7.85608,57.9766,0,2.64408,57.9766,-0,-2.55608,58.0498,3.599,2.64408,58.0483,3.599,-2.55608,49.9766,0,6.64408,50.0498,3.599,6.64408,57.9766,0,6.64408,58.0498,3.599,6.64408,50.0483,3.599,-6.55608,49.9766,-0,-6.55608,58.0483,3.599,-6.55608,57.9766,-0,-6.55608],
    "faces": [33,18,17,6,4,0,1,2,3,33,20,7,6,17,4,5,2,1,33,22,18,4,5,6,0,3,7,33,20,22,5,7,4,6,7,5,33,3,1,15,13,8,9,10,11,33,13,15,14,12,11,10,10,11,33,1,0,11,15,9,12,13,10,33,15,11,10,14,10,13,14,10,33,3,13,8,2,8,11,15,16,33,13,12,9,8,11,11,17,15,33,0,2,8,11,12,16,15,13,33,10,11,27,26,14,13,18,19,33,12,14,23,21,11,10,20,21,33,22,20,40,42,6,4,22,23,33,14,10,19,23,10,14,0,20,33,23,19,18,22,20,0,0,6,33,12,21,16,9,11,21,1,17,33,21,20,17,16,21,4,1,1,33,10,9,16,19,14,17,1,0,33,19,16,17,18,0,1,1,0,33,11,8,24,27,13,15,24,18,33,9,25,24,8,17,25,24,15,33,9,10,26,25,17,14,19,25,33,27,24,36,37,18,24,26,27,33,25,29,28,24,25,1,1,24,33,26,30,35,33,19,0,28,29,33,26,27,31,30,19,18,0,0,33,32,33,35,34,30,29,28,31,33,30,29,34,35,0,1,31,28,33,25,26,33,32,25,19,29,30,33,29,25,32,34,1,25,30,31,33,28,29,30,31,1,1,0,0,33,37,36,38,39,27,26,32,33,33,31,27,37,39,0,18,27,33,33,24,28,38,36,24,1,32,26,33,28,31,39,38,1,0,33,32,33,23,22,42,43,20,6,23,34,33,20,21,41,40,4,21,35,22,33,21,23,43,41,21,20,34,35,33,42,40,53,52,23,22,36,37,33,43,42,46,47,34,23,10,10,33,43,47,50,48,34,10,38,39,33,40,41,45,44,22,35,11,11,33,49,48,50,51,40,39,38,41,33,47,45,51,50,10,11,41,38,33,45,41,49,51,11,35,40,41,33,41,43,48,49,35,34,39,40,33,52,53,55,54,37,36,42,43,33,40,44,55,53,22,11,42,36,33,46,42,52,54,10,23,37,43,33,44,46,54,55,11,10,43,42,33,45,47,46,44,11,10,10,11,33,4,6,61,60,3,2,44,45,33,6,7,59,58,2,5,46,47,33,5,4,56,57,7,3,48,49,33,59,7,64,66,46,5,50,51,33,58,59,57,56,47,46,49,48,33,60,61,63,62,45,44,52,53,33,6,58,63,61,2,47,52,44,33,58,56,62,63,47,48,53,52,33,56,4,60,62,48,3,45,53,33,64,65,67,66,50,54,55,51,33,7,5,65,64,5,7,54,50,33,5,57,67,65,7,49,55,54,33,57,59,66,67,49,46,51,55],
    "metadata": {
        "normals": 56,
        "vertices": 68,
        "faces": 65,
        "generator": "io_three",
        "uvs": 0,
        "version": 3,
        "type": "Geometry"
    },
    "uvs": []
}